trialNr,isDecision,time,items,interactions,metres,failures,levels,answer1,answer2,answer3,
0,Yes,5.644664,6,7,267.9661,6,15,3,3,3,
1,No,0.7245313,0,0,168.6177,5,0,1,2,3,
2,No,0.9399234,0,0,208.7313,0,17,-1,-1,-1,
3,Yes,3.21985,2,1,118.9102,6,0,3,2,1,
4,No,2.203112,0,0,116.9818,2,2,-1,-1,-1,
5,No,0.9710858,0,0,183.4774,2,4,-1,-1,-1,
6,No,0.8369111,0,0,193.8585,2,7,3,5,4,
